{
  "session_id": "f09ea09d-2a38-4426-a44a-74c1243e3248",
  "turn": 1,
  "started_at": "2026-08-07T22:03:38.421691+00:00",
  "ended_at": "2026-08-07T22:03:43.851266+00:00",
  "actions": [
    {
      "entity": "user",
      "action_name": "user_description",
      "output": {
        "messages": {
          "content": "My app crashes when attempting to edit the time range",
          "additional_kwargs": {},
          "response_metadata": {},
          "type": "human",
          "name": null,
          "id": "58b6f9a1-50ae-4c9e-b26b-bbce3cea5faf"
        }
      },
      "meta_data": {
        "latency": "0.00010445899999922403 s",
        "node_token_consumption": null
      }
    },
    {
      "entity": "bot",
      "action_name": "information_element_extraction",
      "output": {
        "information_element_extraction": {
          "triggering_screen_reference": null,
          "triggering_GUI_interactions": {
            "value": "attempting to edit the time range",
            "evidence": [
              "attempting to edit the time range"
            ]
          },
          "buggy_behavior": {
            "value": "My app crashes",
            "evidence": [
              "My app crashes"
            ]
          },
          "correct_behavior": null,
          "steps_to_reproduce": null
        }
      },
      "meta_data": {
        "latency": "1.7383384999999976 s",
        "node_token_consumption": {
          "input_tokens": 887,
          "output_tokens": 74,
          "total_tokens": 961,
          "llm_calls": 1,
          "llm_calls_with_usage": 1,
          "llm_calls_missing_usage": 0
        }
      }
    },
    {
      "entity": "bot",
      "action_name": "clarity_check",
      "output": {
        "clarity_route": "needs_clarification",
        "clarity_issues": [
          "Buggy Behavior is unclear: 'My app' does not identify which app crashes."
        ]
      },
      "meta_data": {
        "latency": "2.158526583999958 s",
        "node_token_consumption": {
          "input_tokens": 441,
          "output_tokens": 42,
          "total_tokens": 483,
          "llm_calls": 1,
          "llm_calls_with_usage": 1,
          "llm_calls_missing_usage": 0
        }
      }
    },
    {
      "entity": "bot",
      "action_name": "clarity_follow_up",
      "output": {
        "active_follow_up": {
          "kind": "clarity",
          "question": "When you say \"my app\" crashes, do you mean the TIME app crashes when you try to edit the time range?",
          "target_info_elements": []
        },
        "clarification_rounds": 1
      },
      "meta_data": {
        "latency": "1.5103180419999944 s",
        "node_token_consumption": {
          "input_tokens": 291,
          "output_tokens": 41,
          "total_tokens": 332,
          "llm_calls": 1,
          "llm_calls_with_usage": 1,
          "llm_calls_missing_usage": 0
        }
      }
    }
  ]
}
{
  "session_id": "f09ea09d-2a38-4426-a44a-74c1243e3248",
  "turn": 1,
  "started_at": "2026-08-07T22:03:58.662458+00:00",
  "ended_at": "2026-08-07T22:04:15.382788+00:00",
  "actions": [
    {
      "entity": "user",
      "action_name": "user_description",
      "output": {
        "messages": {
          "content": "yes",
          "additional_kwargs": {},
          "response_metadata": {},
          "type": "human",
          "name": null,
          "id": "8961ce16-c4dd-4c29-8df8-c5983b4e55f6"
        }
      },
      "meta_data": {
        "latency": "1.3334000016129721e-05 s",
        "node_token_consumption": null
      }
    },
    {
      "entity": "bot",
      "action_name": "information_element_extraction",
      "output": {
        "information_element_extraction": {
          "triggering_screen_reference": null,
          "triggering_GUI_interactions": {
            "value": "attempting to edit the time range",
            "evidence": [
              "My app crashes when attempting to edit the time range"
            ]
          },
          "buggy_behavior": {
            "value": "the TIME app crashes when attempting to edit the time range",
            "evidence": [
              "My app crashes when attempting to edit the time range",
              "yes"
            ]
          },
          "correct_behavior": null,
          "steps_to_reproduce": null
        }
      },
      "meta_data": {
        "latency": "1.7298296250000362 s",
        "node_token_consumption": {
          "input_tokens": 921,
          "output_tokens": 94,
          "total_tokens": 1015,
          "llm_calls": 1,
          "llm_calls_with_usage": 1,
          "llm_calls_missing_usage": 0
        }
      }
    },
    {
      "entity": "bot",
      "action_name": "clarity_check",
      "output": {
        "clarity_route": "continue",
        "clarity_issues": []
      },
      "meta_data": {
        "latency": "1.4009884170000078 s",
        "node_token_consumption": {
          "input_tokens": 464,
          "output_tokens": 21,
          "total_tokens": 485,
          "llm_calls": 1,
          "llm_calls_with_usage": 1,
          "llm_calls_missing_usage": 0
        }
      }
    },
    {
      "entity": "bot",
      "action_name": "extract_and_update",
      "output": {
        "BugInfo": {
          "triggering_screen_reference": {
            "status": "inferred",
            "candidates": [
              {
                "value": "907799623",
                "evidence": "The user says the app crashes when 'attempting to edit the time range'. In the GUI graph, the direct interaction for editing a time range is the 'Edit Time' option in the time-entry popup menu on TaskTimes, screen 907799623."
              }
            ]
          },
          "triggering_GUI_interactions": [
            {
              "status": "inferred",
              "candidates": [
                {
                  "value": "1315847732",
                  "evidence": "The bug is triggered by attempting to edit a time range. In the graph, the time-entry popup menu on screen 907799623 contains the option 'Move Time', but no explicit 'Edit Time' transition is captured. This shows the menu for time-range actions exists, but the specific 'Edit Time' action is missing from the recorded transitions."
                }
              ]
            },
            {
              "status": "ambiguous",
              "candidates": [
                {
                  "value": "-937339851",
                  "evidence": "To attempt editing a time range, the user must first long-press a time entry ('18:01 - 22:50') to open the time-entry popup menu where edit actions are available."
                },
                {
                  "value": "1315847732",
                  "evidence": "The graph's time-entry popup menu contains time-range modification actions. Although only 'Move Time' is explicitly captured, the user's wording most closely matches selecting an edit action from this popup."
                }
              ]
            }
          ],
          "buggy_behavior": {
            "status": "confirmed",
            "candidates": [
              {
                "value": "the TIME app crashes when attempting to edit the time range",
                "evidence": "User explicitly stated: 'My app crashes when attempting to edit the time range' and confirmed it with 'yes'."
              }
            ]
          },
          "correct_behavior": {
            "status": "inferred",
            "candidates": [
              {
                "value": "the app should open the Edit Time screen and allow the user to modify the selected time range without crashing",
                "evidence": "From the confirmed buggy behavior, the expected behavior is that attempting to edit a time range should proceed to the app's Edit Time flow rather than crash. The graph contains EditTime screens representing that intended flow."
              }
            ]
          },
          "steps_to_reproduce": [
            {
              "status": "confirmed",
              "candidates": [
                {
                  "value": "136674156",
                  "evidence": "Always start with opening the application."
                }
              ]
            },
            {
              "status": "inferred",
              "candidates": [
                {
                  "value": "-957400422",
                  "evidence": "After app open, dismiss the About dialog with OK to reach the main Tasks screen."
                }
              ]
            },
            {
              "status": "inferred",
              "candidates": [
                {
                  "value": "-596632455",
                  "evidence": "Open More options from the main Tasks screen to access task-management actions."
                }
              ]
            },
            {
              "status": "inferred",
              "candidates": [
                {
                  "value": "-1706841104",
                  "evidence": "Choose 'Add task' to create a task needed before editing time ranges."
                }
              ]
            },
            {
              "status": "inferred",
              "candidates": [
                {
                  "value": "-2017745019",
                  "evidence": "Enter a task name in the Add task dialog."
                }
              ]
            },
            {
              "status": "inferred",
              "candidates": [
                {
                  "value": "453981272",
                  "evidence": "Tap 'ADD TASK' to create the task and return to the Tasks list."
                }
              ]
            },
            {
              "status": "inferred",
              "candidates": [
                {
                  "value": "1571158590",
                  "evidence": "From the Tasks screen, open More options to access task-time actions for the task list state represented in the graph."
                }
              ]
            },
            {
              "status": "inferred",
              "candidates": [
                {
                  "value": "879666473",
                  "evidence": "Select 'Add a new time range' to create a time entry so there is a time range available to edit."
                }
              ]
            },
            {
              "status": "inferred",
              "candidates": [
                {
                  "value": "-1444621839",
                  "evidence": "Swipe through the Edit Time screen as part of the captured flow to reach end-time controls."
                }
              ]
            },
            {
              "status": "inferred",
              "candidates": [
                {
                  "value": "-1709828166",
                  "evidence": "Continue through the Edit Time flow to the end-time editor."
                }
              ]
            },
            {
              "status": "inferred",
              "candidates": [
                {
                  "value": "-1339100487",
                  "evidence": "Continue through the Edit Time flow until the confirmable end-time screen."
                }
              ]
            },
            {
              "status": "inferred",
              "candidates": [
                {
                  "value": "1020959929",
                  "evidence": "Select an end hour in the time picker as part of the captured time-range creation flow."
                }
              ]
            },
            {
              "status": "inferred",
              "candidates": [
                {
                  "value": "1323110351",
                  "evidence": "Select an end minute in the time picker."
                }
              ]
            },
            {
              "status": "inferred",
              "candidates": [
                {
                  "value": "-1077818473",
                  "evidence": "Tap OK to save the time range and return to Task Times."
                }
              ]
            },
            {
              "status": "inferred",
              "candidates": [
                {
                  "value": "-937339851",
                  "evidence": "Long-press an existing time range to open the time-entry popup menu where edit actions are available."
                }
              ]
            }
          ]
        },
        "information_element_extraction": {
          "triggering_screen_reference": null,
          "triggering_GUI_interactions": null,
          "buggy_behavior": null,
          "correct_behavior": null,
          "steps_to_reproduce": null
        },
        "active_follow_up": null,
        "clarification_window_start_idx": 2
      },
      "meta_data": {
        "latency": "11.434733004999998 s",
        "node_token_consumption": {
          "input_tokens": 15574,
          "output_tokens": 985,
          "total_tokens": 16559,
          "llm_calls": 1,
          "llm_calls_with_usage": 1,
          "llm_calls_missing_usage": 0
        }
      }
    },
    {
      "entity": "bot",
      "action_name": "evaluate",
      "output": {
        "unknown_and_low_confidence_info": [
          "triggering_GUI_interactions[1]"
        ]
      },
      "meta_data": {
        "latency": "3.31250000158434e-05 s",
        "node_token_consumption": null
      }
    },
    {
      "entity": "bot",
      "action_name": "follow_up",
      "output": {
        "active_follow_up": {
          "kind": "more_info",
          "question": "After you long-pressed the time entry on the Task Times screen and the time menu opened, which option did you tap right before the crash? Was it Edit Time, Move Time, Delete Time, or something else?",
          "target_info_elements": [
            "triggering_GUI_interactions"
          ]
        }
      },
      "meta_data": {
        "latency": "2.1477387090000093 s",
        "node_token_consumption": {
          "input_tokens": 15965,
          "output_tokens": 73,
          "total_tokens": 16038,
          "llm_calls": 1,
          "llm_calls_with_usage": 1,
          "llm_calls_missing_usage": 0
        }
      }
    }
  ]
}
{
  "session_id": "f09ea09d-2a38-4426-a44a-74c1243e3248",
  "turn": 1,
  "started_at": "2026-08-07T22:05:44.728153+00:00",
  "ended_at": "2026-08-07T22:05:59.660982+00:00",
  "actions": [
    {
      "entity": "user",
      "action_name": "user_description",
      "output": {
        "messages": {
          "content": "No, it's Show time",
          "additional_kwargs": {},
          "response_metadata": {},
          "type": "human",
          "name": null,
          "id": "0d7decd0-372b-4671-b3a3-7931286f3a21"
        }
      },
      "meta_data": {
        "latency": "1.3082999998914602e-05 s",
        "node_token_consumption": null
      }
    },
    {
      "entity": "bot",
      "action_name": "information_element_extraction",
      "output": {
        "information_element_extraction": {
          "triggering_screen_reference": null,
          "triggering_GUI_interactions": {
            "value": "Tapped \"Show time\" after long-pressing the time entry when the time menu opened.",
            "evidence": [
              "No, it's Show time"
            ]
          },
          "buggy_behavior": null,
          "correct_behavior": null,
          "steps_to_reproduce": null
        }
      },
      "meta_data": {
        "latency": "1.6318267919999698 s",
        "node_token_consumption": {
          "input_tokens": 943,
          "output_tokens": 71,
          "total_tokens": 1014,
          "llm_calls": 1,
          "llm_calls_with_usage": 1,
          "llm_calls_missing_usage": 0
        }
      }
    },
    {
      "entity": "bot",
      "action_name": "clarity_check",
      "output": {
        "clarity_route": "continue",
        "clarity_issues": []
      },
      "meta_data": {
        "latency": "0.7454495009999391 s",
        "node_token_consumption": {
          "input_tokens": 433,
          "output_tokens": 21,
          "total_tokens": 454,
          "llm_calls": 1,
          "llm_calls_with_usage": 1,
          "llm_calls_missing_usage": 0
        }
      }
    },
    {
      "entity": "bot",
      "action_name": "extract_and_update",
      "output": {
        "BugInfo": {
          "triggering_screen_reference": {
            "status": "inferred",
            "candidates": [
              {
                "value": "907799623",
                "evidence": "The new evidence says the triggering action happened 'when the time menu opened' and the user selected 'Show time' from that menu. The only time-entry popup menu in the graph is screen 907799623, the TaskTimes time menu for a selected time entry."
              }
            ]
          },
          "triggering_GUI_interactions": [
            {
              "status": "ambiguous",
              "candidates": [
                {
                  "value": "-937339851",
                  "evidence": "User explicitly said the action occurred 'after long-pressing the time entry when the time menu opened,' which directly matches long-pressing a time entry to open the time menu."
                },
                {
                  "value": "1315847732",
                  "evidence": "User explicitly corrected the trigger to the menu selection: 'No, it's Show time'. The graph has no 'Show time' item on the time menu, so the closest available time-menu action transition is 1315847732 from screen 907799623."
                }
              ]
            },
            {
              "status": "ambiguous",
              "candidates": [
                {
                  "value": "1315847732",
                  "evidence": "The user says the triggering interaction is selecting 'Show time' from the opened time menu: 'No, it's Show time'. The graph does not contain a 'Show time' option on the time-entry popup menu, only Edit Time / Delete Time / Move Time; 1315847732 ('Move Time') is the only recorded selection from that exact menu."
                },
                {
                  "value": "-1691436032",
                  "evidence": "The graph contains a 'Show Times' action, but only on a task popup menu, not the time-entry popup menu. Because the user said 'Show time', this is a competing graph action with matching text but on a different menu."
                }
              ]
            }
          ],
          "buggy_behavior": {
            "status": "confirmed",
            "candidates": [
              {
                "value": "the TIME app crashes when attempting to edit the time range",
                "evidence": "User explicitly stated: 'My app crashes when attempting to edit the time range' and confirmed it with 'yes'."
              }
            ]
          },
          "correct_behavior": {
            "status": "inferred",
            "candidates": [
              {
                "value": "the app should open the Edit Time screen and allow the user to modify the selected time range without crashing",
                "evidence": "From the confirmed buggy behavior, the expected behavior is that attempting to edit a time range should proceed to the app's Edit Time flow rather than crash. The graph contains EditTime screens representing that intended flow."
              }
            ]
          },
          "steps_to_reproduce": [
            {
              "status": "confirmed",
              "candidates": [
                {
                  "value": "136674156",
                  "evidence": "Always start with opening the application."
                }
              ]
            },
            {
              "status": "inferred",
              "candidates": [
                {
                  "value": "-957400422",
                  "evidence": "After app open, dismiss the About dialog with OK to reach the main Tasks screen."
                }
              ]
            },
            {
              "status": "inferred",
              "candidates": [
                {
                  "value": "-596632455",
                  "evidence": "Open More options from the main Tasks screen to access task-management actions."
                }
              ]
            },
            {
              "status": "inferred",
              "candidates": [
                {
                  "value": "-1706841104",
                  "evidence": "Choose 'Add task' to create a task needed before accessing task times."
                }
              ]
            },
            {
              "status": "inferred",
              "candidates": [
                {
                  "value": "-2017745019",
                  "evidence": "Enter a task name in the Add task dialog."
                }
              ]
            },
            {
              "status": "inferred",
              "candidates": [
                {
                  "value": "453981272",
                  "evidence": "Tap 'ADD TASK' to create the task."
                }
              ]
            },
            {
              "status": "inferred",
              "candidates": [
                {
                  "value": "1571158590",
                  "evidence": "Open More options from the Tasks screen state that leads to Task Times actions in the recorded graph."
                }
              ]
            },
            {
              "status": "inferred",
              "candidates": [
                {
                  "value": "879666473",
                  "evidence": "Select 'Add a new time range' to create a time entry so that a time menu can later be opened on that entry."
                }
              ]
            },
            {
              "status": "inferred",
              "candidates": [
                {
                  "value": "-1444621839",
                  "evidence": "Continue through the captured Edit Time flow toward end-time controls."
                }
              ]
            },
            {
              "status": "inferred",
              "candidates": [
                {
                  "value": "-1709828166",
                  "evidence": "Continue through the captured Edit Time flow."
                }
              ]
            },
            {
              "status": "inferred",
              "candidates": [
                {
                  "value": "-1339100487",
                  "evidence": "Continue through the captured Edit Time flow until the end-time confirmation screen."
                }
              ]
            },
            {
              "status": "inferred",
              "candidates": [
                {
                  "value": "1020959929",
                  "evidence": "Select an end hour in the time picker as part of the captured time-range creation flow."
                }
              ]
            },
            {
              "status": "inferred",
              "candidates": [
                {
                  "value": "1323110351",
                  "evidence": "Select an end minute in the time picker."
                }
              ]
            },
            {
              "status": "inferred",
              "candidates": [
                {
                  "value": "-1077818473",
                  "evidence": "Tap OK to save the time range and return to Task Times."
                }
              ]
            },
            {
              "status": "confirmed",
              "candidates": [
                {
                  "value": "-937339851",
                  "evidence": "User explicitly said the action happened after 'long-pressing the time entry when the time menu opened.' This matches long-pressing a time entry to open the time menu."
                }
              ]
            },
            {
              "status": "ambiguous",
              "candidates": [
                {
                  "value": "1315847732",
                  "evidence": "User corrected the triggering menu selection to 'Show time', but the time menu in the graph has no such option. 1315847732 is the only recorded selection from that exact time-entry menu."
                },
                {
                  "value": "-1691436032",
                  "evidence": "The graph has a 'Show Times' action textually similar to the user's 'Show time', but it belongs to a task popup menu rather than the time-entry menu the user described."
                }
              ]
            }
          ]
        },
        "information_element_extraction": {
          "triggering_screen_reference": null,
          "triggering_GUI_interactions": null,
          "buggy_behavior": null,
          "correct_behavior": null,
          "steps_to_reproduce": null
        },
        "active_follow_up": null,
        "clarification_window_start_idx": 3
      },
      "meta_data": {
        "latency": "9.845910961999948 s",
        "node_token_consumption": {
          "input_tokens": 16632,
          "output_tokens": 1169,
          "total_tokens": 17801,
          "llm_calls": 1,
          "llm_calls_with_usage": 1,
          "llm_calls_missing_usage": 0
        }
      }
    },
    {
      "entity": "bot",
      "action_name": "evaluate",
      "output": {
        "unknown_and_low_confidence_info": [
          "triggering_GUI_interactions[1]",
          "steps_to_reproduce[15]",
          "triggering_GUI_interactions[0]"
        ]
      },
      "meta_data": {
        "latency": "1.2125000012019882e-05 s",
        "node_token_consumption": null
      }
    },
    {
      "entity": "bot",
      "action_name": "follow_up",
      "output": {
        "active_follow_up": {
          "kind": "more_info",
          "question": "When the crash happened, what exactly did you tap after the time-entry menu opened from the Task Times screen? Was it the time entry itself, the menu option to edit that time entry, or a different option? Also, starting from the main task list, please list the exact taps you used to reach that point, including which task you opened and the final menu item you selected before the crash.",
          "target_info_elements": [
            "triggering_GUI_interactions",
            "steps_to_reproduce"
          ]
        }
      },
      "meta_data": {
        "latency": "2.6981192930001043 s",
        "node_token_consumption": {
          "input_tokens": 16181,
          "output_tokens": 113,
          "total_tokens": 16294,
          "llm_calls": 1,
          "llm_calls_with_usage": 1,
          "llm_calls_missing_usage": 0
        }
      }
    }
  ]
}
{
  "session_id": "f09ea09d-2a38-4426-a44a-74c1243e3248",
  "turn": 1,
  "started_at": "2026-08-07T22:11:08.411796+00:00",
  "ended_at": "2026-08-07T22:11:23.577690+00:00",
  "actions": [
    {
      "entity": "user",
      "action_name": "user_description",
      "output": {
        "messages": {
          "content": "Click \"OK\" to dismiss the app description\tClick the Options button \"Three verticle dots\"\tClick the \"Add task\" option from the dropdown",
          "additional_kwargs": {},
          "response_metadata": {},
          "type": "human",
          "name": null,
          "id": "fb4c9a89-45c1-4796-bfcf-c098aaa6c840"
        }
      },
      "meta_data": {
        "latency": "8.083000011538388e-06 s",
        "node_token_consumption": null
      }
    },
    {
      "entity": "bot",
      "action_name": "information_element_extraction",
      "output": {
        "information_element_extraction": {
          "triggering_screen_reference": null,
          "triggering_GUI_interactions": {
            "value": "Click \"OK\" to dismiss the app description, click the Options button (\"Three verticle dots\"), then click the \"Add task\" option from the dropdown.",
            "evidence": [
              "Click \"OK\" to dismiss the app description",
              "Click the Options button \"Three verticle dots\"",
              "Click the \"Add task\" option from the dropdown"
            ]
          },
          "buggy_behavior": null,
          "correct_behavior": null,
          "steps_to_reproduce": {
            "value": "From app launch, click \"OK\" to dismiss the app description, click the Options button (\"Three verticle dots\"), then click the \"Add task\" option from the dropdown.",
            "evidence": [
              "Click \"OK\" to dismiss the app description",
              "Click the Options button \"Three verticle dots\"",
              "Click the \"Add task\" option from the dropdown"
            ]
          }
        }
      },
      "meta_data": {
        "latency": "2.3871103760000096 s",
        "node_token_consumption": {
          "input_tokens": 1010,
          "output_tokens": 186,
          "total_tokens": 1196,
          "llm_calls": 1,
          "llm_calls_with_usage": 1,
          "llm_calls_missing_usage": 0
        }
      }
    },
    {
      "entity": "bot",
      "action_name": "clarity_check",
      "output": {
        "clarity_route": "continue",
        "clarity_issues": []
      },
      "meta_data": {
        "latency": "0.8603421669999989 s",
        "node_token_consumption": {
          "input_tokens": 558,
          "output_tokens": 21,
          "total_tokens": 579,
          "llm_calls": 1,
          "llm_calls_with_usage": 1,
          "llm_calls_missing_usage": 0
        }
      }
    },
    {
      "entity": "bot",
      "action_name": "extract_and_update",
      "output": {
        "BugInfo": {
          "triggering_screen_reference": {
            "status": "inferred",
            "candidates": [
              {
                "value": "907799623",
                "evidence": "The new evidence only adds earlier navigation steps ('Click \"OK\" to dismiss the app description, click the Options button ... then click the \"Add task\" option') and does not replace the previously inferred bug-occurrence screen. The bug is still grounded to the time-entry popup menu screen where the user selects the problematic menu item."
              }
            ]
          },
          "triggering_GUI_interactions": [
            {
              "status": "confirmed",
              "candidates": [
                {
                  "value": "-957400422",
                  "evidence": "User explicitly stated: 'Click \"OK\" to dismiss the app description'."
                }
              ]
            },
            {
              "status": "confirmed",
              "candidates": [
                {
                  "value": "-596632455",
                  "evidence": "User explicitly stated: 'Click the Options button (\"Three verticle dots\")' after dismissing the app description, matching the More options button on the main Tasks screen."
                }
              ]
            },
            {
              "status": "confirmed",
              "candidates": [
                {
                  "value": "-1706841104",
                  "evidence": "User explicitly stated: 'click the \"Add task\" option from the dropdown', which directly matches the Add task menu item."
                }
              ]
            },
            {
              "status": "ambiguous",
              "candidates": [
                {
                  "value": "-937339851",
                  "evidence": "Previously supplied user evidence explicitly said the action happened after 'long-pressing the time entry when the time menu opened,' matching long-pressing a time entry to open the time menu."
                },
                {
                  "value": "1315847732",
                  "evidence": "Previously supplied user correction said the trigger is selecting 'Show time' from that opened menu: 'No, it's Show time'. The graph has no exact 'Show time' item on the time-entry menu, so 1315847732 remains the closest recorded selection from that menu."
                }
              ]
            },
            {
              "status": "ambiguous",
              "candidates": [
                {
                  "value": "1315847732",
                  "evidence": "Previously supplied user correction says the triggering interaction is selecting 'Show time' from the opened time menu. The graph does not contain that exact option on the time-entry popup menu; 1315847732 is the only recorded selection from that exact menu."
                },
                {
                  "value": "-1691436032",
                  "evidence": "A competing graph action contains matching text 'Show Times', but it belongs to a task popup menu rather than the time-entry menu the user described."
                }
              ]
            }
          ],
          "buggy_behavior": {
            "status": "confirmed",
            "candidates": [
              {
                "value": "the TIME app crashes when attempting to edit the time range",
                "evidence": "User explicitly stated: 'My app crashes when attempting to edit the time range' and confirmed it with 'yes'."
              }
            ]
          },
          "correct_behavior": {
            "status": "inferred",
            "candidates": [
              {
                "value": "the app should open the Edit Time screen and allow the user to modify the selected time range without crashing",
                "evidence": "From the confirmed buggy behavior, the expected behavior is that attempting to edit a time range should proceed to the app's Edit Time flow rather than crash. The graph contains EditTime screens representing that intended flow."
              }
            ]
          },
          "steps_to_reproduce": [
            {
              "status": "confirmed",
              "candidates": [
                {
                  "value": "136674156",
                  "evidence": "Always start with opening the application."
                }
              ]
            },
            {
              "status": "confirmed",
              "candidates": [
                {
                  "value": "-957400422",
                  "evidence": "User explicitly stated: 'Click \"OK\" to dismiss the app description'."
                }
              ]
            },
            {
              "status": "confirmed",
              "candidates": [
                {
                  "value": "-596632455",
                  "evidence": "User explicitly stated: 'Click the Options button (\"Three verticle dots\")', matching the More options button on the main Tasks screen."
                }
              ]
            },
            {
              "status": "confirmed",
              "candidates": [
                {
                  "value": "-1706841104",
                  "evidence": "User explicitly stated: 'click the \"Add task\" option from the dropdown', directly matching the Add task menu item."
                }
              ]
            },
            {
              "status": "inferred",
              "candidates": [
                {
                  "value": "-2017745019",
                  "evidence": "To proceed from the Add task dialog toward the previously mapped bug path, a task name must be entered before adding the task."
                }
              ]
            },
            {
              "status": "inferred",
              "candidates": [
                {
                  "value": "453981272",
                  "evidence": "After entering a task name, tapping 'ADD TASK' is the graph-supported way to create the task and continue the existing reproduction path."
                }
              ]
            },
            {
              "status": "inferred",
              "candidates": [
                {
                  "value": "1571158590",
                  "evidence": "From the resulting Tasks screen, opening More options is the graph-supported path previously used to reach time-range creation."
                }
              ]
            },
            {
              "status": "inferred",
              "candidates": [
                {
                  "value": "879666473",
                  "evidence": "Select 'Add a new time range' to create a time entry so that a later long-press on the entry is possible."
                }
              ]
            },
            {
              "status": "inferred",
              "candidates": [
                {
                  "value": "-1444621839",
                  "evidence": "Continue through the captured Edit Time flow toward end-time controls."
                }
              ]
            },
            {
              "status": "inferred",
              "candidates": [
                {
                  "value": "-1709828166",
                  "evidence": "Continue through the captured Edit Time flow."
                }
              ]
            },
            {
              "status": "inferred",
              "candidates": [
                {
                  "value": "-1339100487",
                  "evidence": "Continue through the captured Edit Time flow until the end-time confirmation screen."
                }
              ]
            },
            {
              "status": "inferred",
              "candidates": [
                {
                  "value": "1020959929",
                  "evidence": "Select an end hour in the time picker as part of the captured time-range creation flow."
                }
              ]
            },
            {
              "status": "inferred",
              "candidates": [
                {
                  "value": "1323110351",
                  "evidence": "Select an end minute in the time picker."
                }
              ]
            },
            {
              "status": "inferred",
              "candidates": [
                {
                  "value": "-1077818473",
                  "evidence": "Tap OK to save the time range and return to Task Times."
                }
              ]
            },
            {
              "status": "confirmed",
              "candidates": [
                {
                  "value": "-937339851",
                  "evidence": "User explicitly said the action happened after 'long-pressing the time entry when the time menu opened.' This matches long-pressing a time entry to open the time menu."
                }
              ]
            },
            {
              "status": "ambiguous",
              "candidates": [
                {
                  "value": "1315847732",
                  "evidence": "User corrected the triggering menu selection to 'Show time', but the time menu in the graph has no such option. 1315847732 is the only recorded selection from that exact time-entry menu."
                },
                {
                  "value": "-1691436032",
                  "evidence": "The graph has a 'Show Times' action textually similar to the user's 'Show time', but it belongs to a task popup menu rather than the time-entry menu the user described."
                }
              ]
            }
          ]
        },
        "information_element_extraction": {
          "triggering_screen_reference": null,
          "triggering_GUI_interactions": null,
          "buggy_behavior": null,
          "correct_behavior": null,
          "steps_to_reproduce": null
        },
        "active_follow_up": null,
        "clarification_window_start_idx": 4
      },
      "meta_data": {
        "latency": "9.809598212000083 s",
        "node_token_consumption": {
          "input_tokens": 16957,
          "output_tokens": 1336,
          "total_tokens": 18293,
          "llm_calls": 1,
          "llm_calls_with_usage": 1,
          "llm_calls_missing_usage": 0
        }
      }
    },
    {
      "entity": "bot",
      "action_name": "evaluate",
      "output": {
        "unknown_and_low_confidence_info": [
          "steps_to_reproduce[15]",
          "triggering_GUI_interactions[4]",
          "triggering_GUI_interactions[3]"
        ]
      },
      "meta_data": {
        "latency": "2.0667000057983387e-05 s",
        "node_token_consumption": null
      }
    },
    {
      "entity": "bot",
      "action_name": "follow_up",
      "output": {
        "active_follow_up": {
          "kind": "more_info",
          "question": "After you long-pressed the time entry on the Task Times screen and the time-entry menu opened, which option did you tap that led to the crash? Please tell me the exact menu item text you saw and selected. Also, if any step between long-pressing the time entry and the crash is missing, please describe that step too.",
          "target_info_elements": [
            "triggering_GUI_interactions",
            "steps_to_reproduce"
          ]
        }
      },
      "meta_data": {
        "latency": "2.0992778759999737 s",
        "node_token_consumption": {
          "input_tokens": 16375,
          "output_tokens": 102,
          "total_tokens": 16477,
          "llm_calls": 1,
          "llm_calls_with_usage": 1,
          "llm_calls_missing_usage": 0
        }
      }
    }
  ]
}
{
  "session_id": "f09ea09d-2a38-4426-a44a-74c1243e3248",
  "turn": 1,
  "started_at": "2026-08-07T22:12:46.392986+00:00",
  "ended_at": "2026-08-07T22:13:00.397801+00:00",
  "actions": [
    {
      "entity": "user",
      "action_name": "user_description",
      "output": {
        "messages": {
          "content": "Add a new time range\n option from the dropdown",
          "additional_kwargs": {},
          "response_metadata": {},
          "type": "human",
          "name": null,
          "id": "5baa1378-982c-415e-8462-9cc22819fcda"
        }
      },
      "meta_data": {
        "latency": "9.166999916487839e-06 s",
        "node_token_consumption": null
      }
    },
    {
      "entity": "bot",
      "action_name": "information_element_extraction",
      "output": {
        "information_element_extraction": {
          "triggering_screen_reference": null,
          "triggering_GUI_interactions": {
            "value": "Tap the \"Add a new time range\" option from the dropdown.",
            "evidence": [
              "Add a new time range",
              "option from the dropdown"
            ]
          },
          "buggy_behavior": null,
          "correct_behavior": null,
          "steps_to_reproduce": null
        }
      },
      "meta_data": {
        "latency": "1.7007627090000597 s",
        "node_token_consumption": {
          "input_tokens": 978,
          "output_tokens": 71,
          "total_tokens": 1049,
          "llm_calls": 1,
          "llm_calls_with_usage": 1,
          "llm_calls_missing_usage": 0
        }
      }
    },
    {
      "entity": "bot",
      "action_name": "clarity_check",
      "output": {
        "clarity_route": "continue",
        "clarity_issues": []
      },
      "meta_data": {
        "latency": "1.1036358339999879 s",
        "node_token_consumption": {
          "input_tokens": 434,
          "output_tokens": 21,
          "total_tokens": 455,
          "llm_calls": 1,
          "llm_calls_with_usage": 1,
          "llm_calls_missing_usage": 0
        }
      }
    },
    {
      "entity": "bot",
      "action_name": "extract_and_update",
      "output": {
        "BugInfo": {
          "triggering_screen_reference": {
            "status": "inferred",
            "candidates": [
              {
                "value": "907799623",
                "evidence": "The new evidence only identifies an earlier navigation action ('Tap the \"Add a new time range\" option from the dropdown') and does not replace the previously inferred bug-occurrence screen. The bug remains grounded to the time-entry popup menu screen reached later, where the problematic time-entry action is performed."
              }
            ]
          },
          "triggering_GUI_interactions": [
            {
              "status": "confirmed",
              "candidates": [
                {
                  "value": "-957400422",
                  "evidence": "User explicitly stated: 'Click \"OK\" to dismiss the app description'."
                }
              ]
            },
            {
              "status": "confirmed",
              "candidates": [
                {
                  "value": "-596632455",
                  "evidence": "User explicitly stated: 'Click the Options button (\"Three verticle dots\")' after dismissing the app description, matching the More options button on the main Tasks screen."
                }
              ]
            },
            {
              "status": "confirmed",
              "candidates": [
                {
                  "value": "-1706841104",
                  "evidence": "User explicitly stated: 'click the \"Add task\" option from the dropdown', which directly matches the Add task menu item."
                }
              ]
            },
            {
              "status": "confirmed",
              "candidates": [
                {
                  "value": "879666473",
                  "evidence": "New user evidence explicitly states: 'Tap the \"Add a new time range\" option from the dropdown.' This directly matches the 'Add a new time range' menu item transition from the TaskTimes popup menu."
                }
              ]
            },
            {
              "status": "ambiguous",
              "candidates": [
                {
                  "value": "-937339851",
                  "evidence": "Previously supplied user evidence explicitly said the action happened after 'long-pressing the time entry when the time menu opened,' matching long-pressing a time entry to open the time menu."
                },
                {
                  "value": "1315847732",
                  "evidence": "Previously supplied user correction said the trigger is selecting 'Show time' from that opened menu: 'No, it's Show time'. The graph has no exact 'Show time' item on the time-entry menu, so 1315847732 remains the closest recorded selection from that menu."
                }
              ]
            },
            {
              "status": "ambiguous",
              "candidates": [
                {
                  "value": "1315847732",
                  "evidence": "Previously supplied user correction says the triggering interaction is selecting 'Show time' from the opened time menu. The graph does not contain that exact option on the time-entry popup menu; 1315847732 is the only recorded selection from that exact menu."
                },
                {
                  "value": "-1691436032",
                  "evidence": "A competing graph action contains matching text 'Show Times', but it belongs to a task popup menu rather than the time-entry menu the user described."
                }
              ]
            }
          ],
          "buggy_behavior": {
            "status": "confirmed",
            "candidates": [
              {
                "value": "the TIME app crashes when attempting to edit the time range",
                "evidence": "User explicitly stated: 'My app crashes when attempting to edit the time range' and confirmed it with 'yes'."
              }
            ]
          },
          "correct_behavior": {
            "status": "inferred",
            "candidates": [
              {
                "value": "the app should open the Edit Time screen and allow the user to modify the selected time range without crashing",
                "evidence": "From the confirmed buggy behavior, the expected behavior is that attempting to edit a time range should proceed to the app's Edit Time flow rather than crash. The graph contains EditTime screens representing that intended flow."
              }
            ]
          },
          "steps_to_reproduce": [
            {
              "status": "confirmed",
              "candidates": [
                {
                  "value": "136674156",
                  "evidence": "Always start with opening the application."
                }
              ]
            },
            {
              "status": "confirmed",
              "candidates": [
                {
                  "value": "-957400422",
                  "evidence": "User explicitly stated: 'Click \"OK\" to dismiss the app description'."
                }
              ]
            },
            {
              "status": "confirmed",
              "candidates": [
                {
                  "value": "-596632455",
                  "evidence": "User explicitly stated: 'Click the Options button (\"Three verticle dots\")', matching the More options button on the main Tasks screen."
                }
              ]
            },
            {
              "status": "confirmed",
              "candidates": [
                {
                  "value": "-1706841104",
                  "evidence": "User explicitly stated: 'click the \"Add task\" option from the dropdown', directly matching the Add task menu item."
                }
              ]
            },
            {
              "status": "inferred",
              "candidates": [
                {
                  "value": "-2017745019",
                  "evidence": "To proceed from the Add task dialog toward the previously mapped bug path, a task name must be entered before adding the task."
                }
              ]
            },
            {
              "status": "inferred",
              "candidates": [
                {
                  "value": "453981272",
                  "evidence": "After entering a task name, tapping 'ADD TASK' is the graph-supported way to create the task and continue the existing reproduction path."
                }
              ]
            },
            {
              "status": "inferred",
              "candidates": [
                {
                  "value": "1571158590",
                  "evidence": "From the resulting Tasks screen, opening More options is the graph-supported path previously used to reach time-range creation."
                }
              ]
            },
            {
              "status": "confirmed",
              "candidates": [
                {
                  "value": "879666473",
                  "evidence": "New user evidence explicitly states: 'Tap the \"Add a new time range\" option from the dropdown,' which directly matches this transition."
                }
              ]
            },
            {
              "status": "inferred",
              "candidates": [
                {
                  "value": "-1444621839",
                  "evidence": "Continue through the captured Edit Time flow toward end-time controls."
                }
              ]
            },
            {
              "status": "inferred",
              "candidates": [
                {
                  "value": "-1709828166",
                  "evidence": "Continue through the captured Edit Time flow."
                }
              ]
            },
            {
              "status": "inferred",
              "candidates": [
                {
                  "value": "-1339100487",
                  "evidence": "Continue through the captured Edit Time flow until the end-time confirmation screen."
                }
              ]
            },
            {
              "status": "inferred",
              "candidates": [
                {
                  "value": "1020959929",
                  "evidence": "Select an end hour in the time picker as part of the captured time-range creation flow."
                }
              ]
            },
            {
              "status": "inferred",
              "candidates": [
                {
                  "value": "1323110351",
                  "evidence": "Select an end minute in the time picker."
                }
              ]
            },
            {
              "status": "inferred",
              "candidates": [
                {
                  "value": "-1077818473",
                  "evidence": "Tap OK to save the time range and return to Task Times."
                }
              ]
            },
            {
              "status": "confirmed",
              "candidates": [
                {
                  "value": "-937339851",
                  "evidence": "User explicitly said the action happened after 'long-pressing the time entry when the time menu opened.' This matches long-pressing a time entry to open the time menu."
                }
              ]
            },
            {
              "status": "ambiguous",
              "candidates": [
                {
                  "value": "1315847732",
                  "evidence": "User corrected the triggering menu selection to 'Show time', but the time menu in the graph has no such option. 1315847732 is the only recorded selection from that exact time-entry menu."
                },
                {
                  "value": "-1691436032",
                  "evidence": "The graph has a 'Show Times' action textually similar to the user's 'Show time', but it belongs to a task popup menu rather than the time-entry menu the user described."
                }
              ]
            }
          ]
        },
        "information_element_extraction": {
          "triggering_screen_reference": null,
          "triggering_GUI_interactions": null,
          "buggy_behavior": null,
          "correct_behavior": null,
          "steps_to_reproduce": null
        },
        "active_follow_up": null,
        "clarification_window_start_idx": 5
      },
      "meta_data": {
        "latency": "8.635171086000014 s",
        "node_token_consumption": {
          "input_tokens": 17027,
          "output_tokens": 1390,
          "total_tokens": 18417,
          "llm_calls": 1,
          "llm_calls_with_usage": 1,
          "llm_calls_missing_usage": 0
        }
      }
    },
    {
      "entity": "bot",
      "action_name": "evaluate",
      "output": {
        "unknown_and_low_confidence_info": [
          "steps_to_reproduce[15]",
          "triggering_GUI_interactions[5]",
          "triggering_GUI_interactions[4]"
        ]
      },
      "meta_data": {
        "latency": "1.0000000202126103e-05 s",
        "node_token_consumption": null
      }
    },
    {
      "entity": "bot",
      "action_name": "follow_up",
      "output": {
        "active_follow_up": {
          "kind": "more_info",
          "question": "When the crash happened, after you long-pressed the time entry on the Task Times screen and the Time menu opened, which menu option did you tap exactly? Please use the exact label you saw, such as Edit Time, Delete Time, Move Time, or anything else. If the label was different from those, please quote it exactly. Also, did the app crash immediately after tapping that option, or only after another screen opened and you tried to change something there?",
          "target_info_elements": [
            "triggering_GUI_interactions",
            "steps_to_reproduce",
            "triggering_screen_reference"
          ]
        }
      },
      "meta_data": {
        "latency": "2.5067839179998828 s",
        "node_token_consumption": {
          "input_tokens": 16439,
          "output_tokens": 133,
          "total_tokens": 16572,
          "llm_calls": 1,
          "llm_calls_with_usage": 1,
          "llm_calls_missing_usage": 0
        }
      }
    }
  ]
}
{
  "session_id": "f09ea09d-2a38-4426-a44a-74c1243e3248",
  "turn": 1,
  "started_at": "2026-08-07T22:13:59.528279+00:00",
  "ended_at": "2026-08-07T22:14:15.850863+00:00",
  "actions": [
    {
      "entity": "user",
      "action_name": "user_description",
      "output": {
        "messages": {
          "content": "I added \"Show Time\" and got this error",
          "additional_kwargs": {},
          "response_metadata": {},
          "type": "human",
          "name": null,
          "id": "29bece8b-2c09-437c-8564-3b760ef5d071"
        }
      },
      "meta_data": {
        "latency": "1.1584000048969756e-05 s",
        "node_token_consumption": null
      }
    },
    {
      "entity": "bot",
      "action_name": "information_element_extraction",
      "output": {
        "information_element_extraction": {
          "triggering_screen_reference": null,
          "triggering_GUI_interactions": {
            "value": "I added \"Show Time\" and got this error",
            "evidence": [
              "I added \"Show Time\" and got this error"
            ]
          },
          "buggy_behavior": null,
          "correct_behavior": null,
          "steps_to_reproduce": null
        }
      },
      "meta_data": {
        "latency": "1.6625532919999841 s",
        "node_token_consumption": {
          "input_tokens": 1007,
          "output_tokens": 68,
          "total_tokens": 1075,
          "llm_calls": 1,
          "llm_calls_with_usage": 1,
          "llm_calls_missing_usage": 0
        }
      }
    },
    {
      "entity": "bot",
      "action_name": "clarity_check",
      "output": {
        "clarity_route": "needs_clarification",
        "clarity_issues": [
          "Triggering Gui Interactions is unclear: 'this error' is not referentially resolved."
        ]
      },
      "meta_data": {
        "latency": "1.2331918339998538 s",
        "node_token_consumption": {
          "input_tokens": 429,
          "output_tokens": 44,
          "total_tokens": 473,
          "llm_calls": 1,
          "llm_calls_with_usage": 1,
          "llm_calls_missing_usage": 0
        }
      }
    },
    {
      "entity": "bot",
      "action_name": "extract_and_update",
      "output": {
        "BugInfo": {
          "triggering_screen_reference": {
            "status": "inferred",
            "candidates": [
              {
                "value": "907799623",
                "evidence": "New evidence says: 'I added \"Show Time\" and got this error.' This still points to the previously inferred time-entry popup menu context where the user selects an option after opening the time menu. No stronger graph-grounded alternative replaces screen 907799623."
              }
            ]
          },
          "triggering_GUI_interactions": [
            {
              "status": "confirmed",
              "candidates": [
                {
                  "value": "-957400422",
                  "evidence": "User explicitly stated: 'Click \"OK\" to dismiss the app description'."
                }
              ]
            },
            {
              "status": "confirmed",
              "candidates": [
                {
                  "value": "-596632455",
                  "evidence": "User explicitly stated: 'Click the Options button (\"Three verticle dots\")' after dismissing the app description, matching the More options button on the main Tasks screen."
                }
              ]
            },
            {
              "status": "confirmed",
              "candidates": [
                {
                  "value": "-1706841104",
                  "evidence": "User explicitly stated: 'click the \"Add task\" option from the dropdown', which directly matches the Add task menu item."
                }
              ]
            },
            {
              "status": "confirmed",
              "candidates": [
                {
                  "value": "879666473",
                  "evidence": "User explicitly stated: 'Tap the \"Add a new time range\" option from the dropdown.' This directly matches the 'Add a new time range' menu item transition from the TaskTimes popup menu."
                }
              ]
            },
            {
              "status": "confirmed",
              "candidates": [
                {
                  "value": "-937339851",
                  "evidence": "Previously supplied user evidence explicitly said the action happened after 'long-pressing the time entry when the time menu opened,' matching long-pressing a time entry to open the time menu."
                }
              ]
            },
            {
              "status": "ambiguous",
              "candidates": [
                {
                  "value": "1315847732",
                  "evidence": "New evidence states: 'I added \"Show Time\" and got this error.' The graph has no exact 'Show Time' option on the time-entry popup menu; 1315847732 is still the only recorded selection from that exact time-entry menu, though its label is 'Move Time' rather than 'Show Time'."
                },
                {
                  "value": "-1691436032",
                  "evidence": "The graph contains a textually similar option 'Show Times', which is the closest literal match to the user's 'Show Time', but it belongs to a task popup menu rather than the time-entry popup menu previously described by the user."
                }
              ]
            }
          ],
          "buggy_behavior": {
            "status": "confirmed",
            "candidates": [
              {
                "value": "the TIME app crashes when attempting to edit the time range",
                "evidence": "User explicitly stated: 'My app crashes when attempting to edit the time range' and confirmed it with 'yes'."
              }
            ]
          },
          "correct_behavior": {
            "status": "inferred",
            "candidates": [
              {
                "value": "the app should open the Edit Time screen and allow the user to modify the selected time range without crashing",
                "evidence": "From the confirmed buggy behavior, the expected behavior is that attempting to edit a time range should proceed to the app's Edit Time flow rather than crash. The new 'Show Time' wording does not provide a clearer graph-grounded expected behavior than the existing one."
              }
            ]
          },
          "steps_to_reproduce": [
            {
              "status": "confirmed",
              "candidates": [
                {
                  "value": "136674156",
                  "evidence": "Always start with opening the application."
                }
              ]
            },
            {
              "status": "confirmed",
              "candidates": [
                {
                  "value": "-957400422",
                  "evidence": "User explicitly stated: 'Click \"OK\" to dismiss the app description'."
                }
              ]
            },
            {
              "status": "confirmed",
              "candidates": [
                {
                  "value": "-596632455",
                  "evidence": "User explicitly stated: 'Click the Options button (\"Three verticle dots\")', matching the More options button on the main Tasks screen."
                }
              ]
            },
            {
              "status": "confirmed",
              "candidates": [
                {
                  "value": "-1706841104",
                  "evidence": "User explicitly stated: 'click the \"Add task\" option from the dropdown', directly matching the Add task menu item."
                }
              ]
            },
            {
              "status": "inferred",
              "candidates": [
                {
                  "value": "-2017745019",
                  "evidence": "To proceed from the Add task dialog toward the previously mapped bug path, a task name must be entered before adding the task."
                }
              ]
            },
            {
              "status": "inferred",
              "candidates": [
                {
                  "value": "453981272",
                  "evidence": "After entering a task name, tapping 'ADD TASK' is the graph-supported way to create the task and continue the existing reproduction path."
                }
              ]
            },
            {
              "status": "inferred",
              "candidates": [
                {
                  "value": "1571158590",
                  "evidence": "From the resulting Tasks screen, opening More options is the graph-supported path previously used to reach time-range creation."
                }
              ]
            },
            {
              "status": "confirmed",
              "candidates": [
                {
                  "value": "879666473",
                  "evidence": "User explicitly stated: 'Tap the \"Add a new time range\" option from the dropdown,' which directly matches this transition."
                }
              ]
            },
            {
              "status": "inferred",
              "candidates": [
                {
                  "value": "-1444621839",
                  "evidence": "Continue through the captured Edit Time flow toward end-time controls."
                }
              ]
            },
            {
              "status": "inferred",
              "candidates": [
                {
                  "value": "-1709828166",
                  "evidence": "Continue through the captured Edit Time flow."
                }
              ]
            },
            {
              "status": "inferred",
              "candidates": [
                {
                  "value": "-1339100487",
                  "evidence": "Continue through the captured Edit Time flow until the end-time confirmation screen."
                }
              ]
            },
            {
              "status": "inferred",
              "candidates": [
                {
                  "value": "1020959929",
                  "evidence": "Select an end hour in the time picker as part of the captured time-range creation flow."
                }
              ]
            },
            {
              "status": "inferred",
              "candidates": [
                {
                  "value": "1323110351",
                  "evidence": "Select an end minute in the time picker."
                }
              ]
            },
            {
              "status": "inferred",
              "candidates": [
                {
                  "value": "-1077818473",
                  "evidence": "Tap OK to save the time range and return to Task Times."
                }
              ]
            },
            {
              "status": "confirmed",
              "candidates": [
                {
                  "value": "-937339851",
                  "evidence": "User explicitly said the action happened after 'long-pressing the time entry when the time menu opened.' This matches long-pressing a time entry to open the time menu."
                }
              ]
            },
            {
              "status": "ambiguous",
              "candidates": [
                {
                  "value": "1315847732",
                  "evidence": "New evidence states: 'I added \"Show Time\" and got this error.' The graph has no exact 'Show Time' action on the time-entry menu; 1315847732 remains the only recorded selection from that exact menu."
                },
                {
                  "value": "-1691436032",
                  "evidence": "The graph contains a textually similar 'Show Times' action, but it belongs to a task popup menu rather than the time-entry menu previously described by the user."
                }
              ]
            }
          ]
        },
        "information_element_extraction": {
          "triggering_screen_reference": null,
          "triggering_GUI_interactions": null,
          "buggy_behavior": null,
          "correct_behavior": null,
          "steps_to_reproduce": null
        },
        "active_follow_up": null,
        "clarification_window_start_idx": 6
      },
      "meta_data": {
        "latency": "9.827450838000004 s",
        "node_token_consumption": {
          "input_tokens": 17086,
          "output_tokens": 1359,
          "total_tokens": 18445,
          "llm_calls": 1,
          "llm_calls_with_usage": 1,
          "llm_calls_missing_usage": 0
        }
      }
    },
    {
      "entity": "bot",
      "action_name": "evaluate",
      "output": {
        "unknown_and_low_confidence_info": [
          "steps_to_reproduce[15]",
          "triggering_GUI_interactions[5]"
        ]
      },
      "meta_data": {
        "latency": "9.374999990541255e-06 s",
        "node_token_consumption": null
      }
    },
    {
      "entity": "bot",
      "action_name": "follow_up",
      "output": {
        "active_follow_up": {
          "kind": "more_info",
          "question": "When the crash happened after you long-pressed the recorded time entry and opened the time-entry menu, which option did you tap exactly? If possible, please use the exact label you saw on that menu (for example, was it Edit Time, Delete Time, Move Time, or something else?).",
          "target_info_elements": [
            "triggering_GUI_interactions",
            "steps_to_reproduce"
          ]
        }
      },
      "meta_data": {
        "latency": "3.5907173770001464 s",
        "node_token_consumption": {
          "input_tokens": 16396,
          "output_tokens": 93,
          "total_tokens": 16489,
          "llm_calls": 1,
          "llm_calls_with_usage": 1,
          "llm_calls_missing_usage": 0
        }
      }
    }
  ]
}
{
  "session_id": "f09ea09d-2a38-4426-a44a-74c1243e3248",
  "turn": 1,
  "started_at": "2026-08-07T22:14:48.474925+00:00",
  "ended_at": "2026-08-07T22:15:00.878871+00:00",
  "actions": [
    {
      "entity": "user",
      "action_name": "user_description",
      "output": {
        "messages": {
          "content": "I dont know",
          "additional_kwargs": {},
          "response_metadata": {},
          "type": "human",
          "name": null,
          "id": "0825f162-7cd6-4baf-b370-3eb53580e8f7"
        }
      },
      "meta_data": {
        "latency": "7.16600015948643e-06 s",
        "node_token_consumption": null
      }
    },
    {
      "entity": "bot",
      "action_name": "information_element_extraction",
      "output": {
        "information_element_extraction": {
          "triggering_screen_reference": null,
          "triggering_GUI_interactions": null,
          "buggy_behavior": null,
          "correct_behavior": null,
          "steps_to_reproduce": null
        }
      },
      "meta_data": {
        "latency": "1.4039158749999388 s",
        "node_token_consumption": {
          "input_tokens": 962,
          "output_tokens": 42,
          "total_tokens": 1004,
          "llm_calls": 1,
          "llm_calls_with_usage": 1,
          "llm_calls_missing_usage": 0
        }
      }
    },
    {
      "entity": "bot",
      "action_name": "clarity_check",
      "output": {
        "clarity_route": "needs_clarification",
        "clarity_issues": [
          "No information elements provided"
        ]
      },
      "meta_data": {
        "latency": "1.1764803759999722 s",
        "node_token_consumption": {
          "input_tokens": 394,
          "output_tokens": 29,
          "total_tokens": 423,
          "llm_calls": 1,
          "llm_calls_with_usage": 1,
          "llm_calls_missing_usage": 0
        }
      }
    },
    {
      "entity": "bot",
      "action_name": "extract_and_update",
      "output": {
        "BugInfo": {
          "triggering_screen_reference": {
            "status": "inferred",
            "candidates": [
              {
                "value": "907799623",
                "evidence": "No new extracted information elements were provided to override the existing mapping. The current best graph-grounded triggering context remains the time-entry popup menu reached after long-pressing a time range."
              }
            ]
          },
          "triggering_GUI_interactions": [
            {
              "status": "confirmed",
              "candidates": [
                {
                  "value": "-957400422",
                  "evidence": "User explicitly stated: 'Click \"OK\" to dismiss the app description'."
                }
              ]
            },
            {
              "status": "confirmed",
              "candidates": [
                {
                  "value": "-596632455",
                  "evidence": "User explicitly stated: 'Click the Options button (\"Three verticle dots\")' after dismissing the app description, matching the More options button on the main Tasks screen."
                }
              ]
            },
            {
              "status": "confirmed",
              "candidates": [
                {
                  "value": "-1706841104",
                  "evidence": "User explicitly stated: 'click the \"Add task\" option from the dropdown', which directly matches the Add task menu item."
                }
              ]
            },
            {
              "status": "confirmed",
              "candidates": [
                {
                  "value": "879666473",
                  "evidence": "User explicitly stated: 'Tap the \"Add a new time range\" option from the dropdown.' This directly matches the 'Add a new time range' menu item transition from the TaskTimes popup menu."
                }
              ]
            },
            {
              "status": "confirmed",
              "candidates": [
                {
                  "value": "-937339851",
                  "evidence": "Previously supplied user evidence explicitly said the action happened after 'long-pressing the time entry when the time menu opened,' matching long-pressing a time entry to open the time menu."
                }
              ]
            },
            {
              "status": "ambiguous",
              "candidates": [
                {
                  "value": "1315847732",
                  "evidence": "Existing evidence says: 'I added \"Show Time\" and got this error.' The graph has no exact 'Show Time' option on the time-entry popup menu; 1315847732 remains the only recorded selection from that exact menu, though labeled 'Move Time'."
                },
                {
                  "value": "-1691436032",
                  "evidence": "The graph contains a textually similar option 'Show Times', which is the closest literal match to the user's 'Show Time', but it belongs to a task popup menu rather than the previously described time-entry popup menu."
                }
              ]
            }
          ],
          "buggy_behavior": {
            "status": "confirmed",
            "candidates": [
              {
                "value": "the TIME app crashes when attempting to edit the time range",
                "evidence": "User explicitly stated: 'My app crashes when attempting to edit the time range' and confirmed it with 'yes'."
              }
            ]
          },
          "correct_behavior": {
            "status": "inferred",
            "candidates": [
              {
                "value": "the app should open the Edit Time screen and allow the user to modify the selected time range without crashing",
                "evidence": "Derived from the confirmed buggy behavior: when attempting to edit a time range, the expected result is to open the Edit Time flow and permit modification instead of crashing."
              }
            ]
          },
          "steps_to_reproduce": [
            {
              "status": "confirmed",
              "candidates": [
                {
                  "value": "136674156",
                  "evidence": "Always start with opening the application."
                }
              ]
            },
            {
              "status": "confirmed",
              "candidates": [
                {
                  "value": "-957400422",
                  "evidence": "User explicitly stated: 'Click \"OK\" to dismiss the app description'."
                }
              ]
            },
            {
              "status": "confirmed",
              "candidates": [
                {
                  "value": "-596632455",
                  "evidence": "User explicitly stated: 'Click the Options button (\"Three verticle dots\")', matching the More options button on the main Tasks screen."
                }
              ]
            },
            {
              "status": "confirmed",
              "candidates": [
                {
                  "value": "-1706841104",
                  "evidence": "User explicitly stated: 'click the \"Add task\" option from the dropdown', directly matching the Add task menu item."
                }
              ]
            },
            {
              "status": "inferred",
              "candidates": [
                {
                  "value": "-2017745019",
                  "evidence": "To proceed from the Add task dialog toward the mapped bug path, a task name must be entered before adding the task."
                }
              ]
            },
            {
              "status": "inferred",
              "candidates": [
                {
                  "value": "453981272",
                  "evidence": "After entering a task name, tapping 'ADD TASK' is the graph-supported way to create the task and continue the reproduction path."
                }
              ]
            },
            {
              "status": "inferred",
              "candidates": [
                {
                  "value": "1571158590",
                  "evidence": "From the resulting Tasks screen, opening More options is the graph-supported path to reach time-range creation."
                }
              ]
            },
            {
              "status": "confirmed",
              "candidates": [
                {
                  "value": "879666473",
                  "evidence": "User explicitly stated: 'Tap the \"Add a new time range\" option from the dropdown,' which directly matches this transition."
                }
              ]
            },
            {
              "status": "inferred",
              "candidates": [
                {
                  "value": "-1444621839",
                  "evidence": "Continue through the captured Edit Time flow toward end-time controls."
                }
              ]
            },
            {
              "status": "inferred",
              "candidates": [
                {
                  "value": "-1709828166",
                  "evidence": "Continue through the captured Edit Time flow."
                }
              ]
            },
            {
              "status": "inferred",
              "candidates": [
                {
                  "value": "-1339100487",
                  "evidence": "Continue through the captured Edit Time flow until the end-time confirmation screen."
                }
              ]
            },
            {
              "status": "inferred",
              "candidates": [
                {
                  "value": "1020959929",
                  "evidence": "Select an end hour in the time picker as part of the captured time-range creation flow."
                }
              ]
            },
            {
              "status": "inferred",
              "candidates": [
                {
                  "value": "1323110351",
                  "evidence": "Select an end minute in the time picker."
                }
              ]
            },
            {
              "status": "inferred",
              "candidates": [
                {
                  "value": "-1077818473",
                  "evidence": "Tap OK to save the time range and return to Task Times."
                }
              ]
            },
            {
              "status": "confirmed",
              "candidates": [
                {
                  "value": "-937339851",
                  "evidence": "User explicitly said the action happened after 'long-pressing the time entry when the time menu opened.' This matches long-pressing a time entry to open the time menu."
                }
              ]
            },
            {
              "status": "ambiguous",
              "candidates": [
                {
                  "value": "1315847732",
                  "evidence": "Existing evidence says: 'I added \"Show Time\" and got this error.' The graph has no exact 'Show Time' action on this time-entry menu; 1315847732 remains the only recorded selection from that exact menu."
                },
                {
                  "value": "-1691436032",
                  "evidence": "The graph contains a textually similar 'Show Times' action, but it belongs to a task popup menu rather than the previously described time-entry menu."
                }
              ]
            }
          ]
        },
        "information_element_extraction": {
          "triggering_screen_reference": null,
          "triggering_GUI_interactions": null,
          "buggy_behavior": null,
          "correct_behavior": null,
          "steps_to_reproduce": null
        },
        "active_follow_up": null,
        "clarification_window_start_idx": 7
      },
      "meta_data": {
        "latency": "7.967521379000118 s",
        "node_token_consumption": {
          "input_tokens": 17015,
          "output_tokens": 1302,
          "total_tokens": 18317,
          "llm_calls": 1,
          "llm_calls_with_usage": 1,
          "llm_calls_missing_usage": 0
        }
      }
    },
    {
      "entity": "bot",
      "action_name": "evaluate",
      "output": {
        "unknown_and_low_confidence_info": [
          "steps_to_reproduce[15]",
          "triggering_GUI_interactions[5]"
        ]
      },
      "meta_data": {
        "latency": "2.4957999812613707e-05 s",
        "node_token_consumption": null
      }
    },
    {
      "entity": "bot",
      "action_name": "follow_up",
      "output": {
        "active_follow_up": {
          "kind": "more_info",
          "question": "After you long-pressed the time entry and the time menu opened, which option did you tap right before the app crashed? Was it **Edit Time**, **Delete Time**, **Move Time**, or did you instead go back to the task’s menu and tap **Show Times** there?",
          "target_info_elements": [
            "triggering_GUI_interactions",
            "steps_to_reproduce"
          ]
        }
      },
      "meta_data": {
        "latency": "1.8469636260001607 s",
        "node_token_consumption": {
          "input_tokens": 16339,
          "output_tokens": 92,
          "total_tokens": 16431,
          "llm_calls": 1,
          "llm_calls_with_usage": 1,
          "llm_calls_missing_usage": 0
        }
      }
    }
  ]
}
{
  "session_id": "f09ea09d-2a38-4426-a44a-74c1243e3248",
  "turn": 1,
  "started_at": "2026-08-07T22:15:21.827560+00:00",
  "ended_at": "2026-08-07T22:15:33.565999+00:00",
  "actions": [
    {
      "entity": "user",
      "action_name": "user_description",
      "output": {
        "messages": {
          "content": "Yes",
          "additional_kwargs": {},
          "response_metadata": {},
          "type": "human",
          "name": null,
          "id": "94a97a71-fa05-4d0f-9bd8-728de27b3ba6"
        }
      },
      "meta_data": {
        "latency": "7.165999932112754e-06 s",
        "node_token_consumption": null
      }
    },
    {
      "entity": "bot",
      "action_name": "information_element_extraction",
      "output": {
        "information_element_extraction": {
          "triggering_screen_reference": null,
          "triggering_GUI_interactions": null,
          "buggy_behavior": null,
          "correct_behavior": null,
          "steps_to_reproduce": null
        }
      },
      "meta_data": {
        "latency": "1.3279832089999672 s",
        "node_token_consumption": {
          "input_tokens": 958,
          "output_tokens": 42,
          "total_tokens": 1000,
          "llm_calls": 1,
          "llm_calls_with_usage": 1,
          "llm_calls_missing_usage": 0
        }
      }
    },
    {
      "entity": "bot",
      "action_name": "clarity_check",
      "output": {
        "clarity_route": "needs_clarification",
        "clarity_issues": [
          "No information elements provided"
        ]
      },
      "meta_data": {
        "latency": "0.8538300420000269 s",
        "node_token_consumption": {
          "input_tokens": 394,
          "output_tokens": 29,
          "total_tokens": 423,
          "llm_calls": 1,
          "llm_calls_with_usage": 1,
          "llm_calls_missing_usage": 0
        }
      }
    },
    {
      "entity": "bot",
      "action_name": "extract_and_update",
      "output": {
        "BugInfo": {
          "triggering_screen_reference": {
            "status": "inferred",
            "candidates": [
              {
                "value": "907799623",
                "evidence": "No new extracted information elements were provided. The existing best-supported triggering screen remains the time-entry popup menu opened after long-pressing a time entry."
              }
            ]
          },
          "triggering_GUI_interactions": [
            {
              "status": "confirmed",
              "candidates": [
                {
                  "value": "-957400422",
                  "evidence": "User explicitly stated: 'Click \"OK\" to dismiss the app description'."
                }
              ]
            },
            {
              "status": "confirmed",
              "candidates": [
                {
                  "value": "-596632455",
                  "evidence": "User explicitly stated: 'Click the Options button (\"Three verticle dots\")' after dismissing the app description, matching the More options button on the main Tasks screen."
                }
              ]
            },
            {
              "status": "confirmed",
              "candidates": [
                {
                  "value": "-1706841104",
                  "evidence": "User explicitly stated: 'click the \"Add task\" option from the dropdown', which directly matches the Add task menu item."
                }
              ]
            },
            {
              "status": "confirmed",
              "candidates": [
                {
                  "value": "879666473",
                  "evidence": "User explicitly stated: 'Tap the \"Add a new time range\" option from the dropdown.' This directly matches the 'Add a new time range' menu item transition from the TaskTimes popup menu."
                }
              ]
            },
            {
              "status": "confirmed",
              "candidates": [
                {
                  "value": "-937339851",
                  "evidence": "Previously supplied user evidence explicitly said the action happened after 'long-pressing the time entry when the time menu opened,' matching long-pressing a time entry to open the time menu."
                }
              ]
            },
            {
              "status": "ambiguous",
              "candidates": [
                {
                  "value": "1315847732",
                  "evidence": "Existing evidence says: 'I added \"Show Time\" and got this error.' The graph has no exact 'Show Time' option on the time-entry popup menu; 1315847732 remains the only recorded selection from that exact menu, though labeled 'Move Time'."
                },
                {
                  "value": "-1691436032",
                  "evidence": "The graph contains a textually similar option 'Show Times', which is the closest literal match to the user's 'Show Time', but it belongs to a task popup menu rather than the previously described time-entry popup menu."
                }
              ]
            }
          ],
          "buggy_behavior": {
            "status": "confirmed",
            "candidates": [
              {
                "value": "the TIME app crashes when attempting to edit the time range",
                "evidence": "User explicitly stated: 'My app crashes when attempting to edit the time range' and confirmed it with 'yes'."
              }
            ]
          },
          "correct_behavior": {
            "status": "inferred",
            "candidates": [
              {
                "value": "the app should open the Edit Time screen and allow the user to modify the selected time range without crashing",
                "evidence": "Derived from the confirmed buggy behavior: when attempting to edit a time range, the expected result is to open the Edit Time flow and permit modification instead of crashing."
              }
            ]
          },
          "steps_to_reproduce": [
            {
              "status": "confirmed",
              "candidates": [
                {
                  "value": "136674156",
                  "evidence": "Always start with opening the application."
                }
              ]
            },
            {
              "status": "confirmed",
              "candidates": [
                {
                  "value": "-957400422",
                  "evidence": "User explicitly stated: 'Click \"OK\" to dismiss the app description'."
                }
              ]
            },
            {
              "status": "confirmed",
              "candidates": [
                {
                  "value": "-596632455",
                  "evidence": "User explicitly stated: 'Click the Options button (\"Three verticle dots\")', matching the More options button on the main Tasks screen."
                }
              ]
            },
            {
              "status": "confirmed",
              "candidates": [
                {
                  "value": "-1706841104",
                  "evidence": "User explicitly stated: 'click the \"Add task\" option from the dropdown', directly matching the Add task menu item."
                }
              ]
            },
            {
              "status": "inferred",
              "candidates": [
                {
                  "value": "-2017745019",
                  "evidence": "To proceed from the Add task dialog toward the mapped bug path, a task name must be entered before adding the task."
                }
              ]
            },
            {
              "status": "inferred",
              "candidates": [
                {
                  "value": "453981272",
                  "evidence": "After entering a task name, tapping 'ADD TASK' is the graph-supported way to create the task and continue the reproduction path."
                }
              ]
            },
            {
              "status": "inferred",
              "candidates": [
                {
                  "value": "1571158590",
                  "evidence": "From the resulting Tasks screen, opening More options is the graph-supported path to reach time-range creation."
                }
              ]
            },
            {
              "status": "confirmed",
              "candidates": [
                {
                  "value": "879666473",
                  "evidence": "User explicitly stated: 'Tap the \"Add a new time range\" option from the dropdown,' which directly matches this transition."
                }
              ]
            },
            {
              "status": "inferred",
              "candidates": [
                {
                  "value": "-1444621839",
                  "evidence": "Continue through the captured Edit Time flow toward end-time controls."
                }
              ]
            },
            {
              "status": "inferred",
              "candidates": [
                {
                  "value": "-1709828166",
                  "evidence": "Continue through the captured Edit Time flow."
                }
              ]
            },
            {
              "status": "inferred",
              "candidates": [
                {
                  "value": "-1339100487",
                  "evidence": "Continue through the captured Edit Time flow until the end-time confirmation screen."
                }
              ]
            },
            {
              "status": "inferred",
              "candidates": [
                {
                  "value": "1020959929",
                  "evidence": "Select an end hour in the time picker as part of the captured time-range creation flow."
                }
              ]
            },
            {
              "status": "inferred",
              "candidates": [
                {
                  "value": "1323110351",
                  "evidence": "Select an end minute in the time picker."
                }
              ]
            },
            {
              "status": "inferred",
              "candidates": [
                {
                  "value": "-1077818473",
                  "evidence": "Tap OK to save the time range and return to Task Times."
                }
              ]
            },
            {
              "status": "confirmed",
              "candidates": [
                {
                  "value": "-937339851",
                  "evidence": "User explicitly said the action happened after 'long-pressing the time entry when the time menu opened.' This matches long-pressing a time entry to open the time menu."
                }
              ]
            },
            {
              "status": "ambiguous",
              "candidates": [
                {
                  "value": "1315847732",
                  "evidence": "Existing evidence says: 'I added \"Show Time\" and got this error.' The graph has no exact 'Show Time' action on this time-entry menu; 1315847732 remains the only recorded selection from that exact menu."
                },
                {
                  "value": "-1691436032",
                  "evidence": "The graph contains a textually similar 'Show Times' action, but it belongs to a task popup menu rather than the previously described time-entry menu."
                }
              ]
            }
          ]
        },
        "information_element_extraction": {
          "triggering_screen_reference": null,
          "triggering_GUI_interactions": null,
          "buggy_behavior": null,
          "correct_behavior": null,
          "steps_to_reproduce": null
        },
        "active_follow_up": null,
        "clarification_window_start_idx": 8
      },
      "meta_data": {
        "latency": "7.596476170000187 s",
        "node_token_consumption": {
          "input_tokens": 16958,
          "output_tokens": 1295,
          "total_tokens": 18253,
          "llm_calls": 1,
          "llm_calls_with_usage": 1,
          "llm_calls_missing_usage": 0
        }
      }
    },
    {
      "entity": "bot",
      "action_name": "evaluate",
      "output": {
        "unknown_and_low_confidence_info": [
          "steps_to_reproduce[15]",
          "triggering_GUI_interactions[5]"
        ]
      },
      "meta_data": {
        "latency": "5.487499993250822e-05 s",
        "node_token_consumption": null
      }
    },
    {
      "entity": "bot",
      "action_name": "follow_up",
      "output": {
        "active_follow_up": {
          "kind": "more_info",
          "question": "After you long-pressed the time entry and the time menu opened, which option did you tap that caused the crash? Was it Edit Time, Delete Time, Move Time, or something else? If it was something else, please describe exactly what the menu item said and whether the crash happened immediately after tapping it.",
          "target_info_elements": [
            "triggering_GUI_interactions",
            "steps_to_reproduce"
          ]
        }
      },
      "meta_data": {
        "latency": "1.9498243339999135 s",
        "node_token_consumption": {
          "input_tokens": 16332,
          "output_tokens": 96,
          "total_tokens": 16428,
          "llm_calls": 1,
          "llm_calls_with_usage": 1,
          "llm_calls_missing_usage": 0
        }
      }
    }
  ]
}
{
  "session_id": "f09ea09d-2a38-4426-a44a-74c1243e3248",
  "turn": 1,
  "started_at": "2026-08-07T22:16:31.806282+00:00",
  "ended_at": "2026-08-07T22:16:44.710221+00:00",
  "actions": [
    {
      "entity": "user",
      "action_name": "user_description",
      "output": {
        "messages": {
          "content": "Edit time",
          "additional_kwargs": {},
          "response_metadata": {},
          "type": "human",
          "name": null,
          "id": "54b83604-a27c-41f4-9eea-21e0b1787d3c"
        }
      },
      "meta_data": {
        "latency": "7.749999895168003e-06 s",
        "node_token_consumption": null
      }
    },
    {
      "entity": "bot",
      "action_name": "information_element_extraction",
      "output": {
        "information_element_extraction": {
          "triggering_screen_reference": null,
          "triggering_GUI_interactions": {
            "value": "Tap \"Edit time\" in the time menu after long-pressing the time entry.",
            "evidence": [
              "Edit time"
            ]
          },
          "buggy_behavior": null,
          "correct_behavior": null,
          "steps_to_reproduce": null
        }
      },
      "meta_data": {
        "latency": "1.5856620010001734 s",
        "node_token_consumption": {
          "input_tokens": 964,
          "output_tokens": 67,
          "total_tokens": 1031,
          "llm_calls": 1,
          "llm_calls_with_usage": 1,
          "llm_calls_missing_usage": 0
        }
      }
    },
    {
      "entity": "bot",
      "action_name": "clarity_check",
      "output": {
        "clarity_route": "continue",
        "clarity_issues": []
      },
      "meta_data": {
        "latency": "1.422193709000112 s",
        "node_token_consumption": {
          "input_tokens": 428,
          "output_tokens": 21,
          "total_tokens": 449,
          "llm_calls": 1,
          "llm_calls_with_usage": 1,
          "llm_calls_missing_usage": 0
        }
      }
    },
    {
      "entity": "bot",
      "action_name": "extract_and_update",
      "output": {
        "BugInfo": {
          "triggering_screen_reference": {
            "status": "inferred",
            "candidates": [
              {
                "value": "907799623",
                "evidence": "The new interaction evidence says the bug is triggered by tapping 'Edit time' from the time menu after long-pressing a time entry. The mapped time menu screen is TaskTimes(Window=Popup Menu) 907799623, which is the screen reached by long-pressing a time entry."
              }
            ]
          },
          "triggering_GUI_interactions": [
            {
              "status": "confirmed",
              "candidates": [
                {
                  "value": "-957400422",
                  "evidence": "User explicitly stated: 'Click \"OK\" to dismiss the app description'."
                }
              ]
            },
            {
              "status": "confirmed",
              "candidates": [
                {
                  "value": "-596632455",
                  "evidence": "User explicitly stated: 'Click the Options button (\"Three verticle dots\")' after dismissing the app description, matching the More options button on the main Tasks screen."
                }
              ]
            },
            {
              "status": "confirmed",
              "candidates": [
                {
                  "value": "-1706841104",
                  "evidence": "User explicitly stated: 'click the \"Add task\" option from the dropdown', which directly matches the Add task menu item."
                }
              ]
            },
            {
              "status": "confirmed",
              "candidates": [
                {
                  "value": "879666473",
                  "evidence": "User explicitly stated: 'Tap the \"Add a new time range\" option from the dropdown.' This directly matches the 'Add a new time range' menu item transition from the TaskTimes popup menu."
                }
              ]
            },
            {
              "status": "confirmed",
              "candidates": [
                {
                  "value": "-937339851",
                  "evidence": "Previously supplied user evidence explicitly said the action happened after 'long-pressing the time entry when the time menu opened,' matching long-pressing a time entry to open the time menu."
                }
              ]
            },
            {
              "status": "inferred",
              "candidates": [
                {
                  "value": "unknown",
                  "evidence": "New evidence confirms the user tapped 'Edit time' from the time menu, but the provided application graph for screen 907799623 lists Edit Time as a visible option without a corresponding recorded transition hash. Therefore the triggering action cannot be grounded to a valid graph transition hash from the supplied graph."
                }
              ]
            }
          ],
          "buggy_behavior": {
            "status": "confirmed",
            "candidates": [
              {
                "value": "the TIME app crashes when attempting to edit the time range",
                "evidence": "User explicitly stated: 'My app crashes when attempting to edit the time range' and confirmed it with 'yes'."
              }
            ]
          },
          "correct_behavior": {
            "status": "inferred",
            "candidates": [
              {
                "value": "the app should open the Edit Time screen and allow the user to modify the selected time range without crashing",
                "evidence": "Derived from the confirmed buggy behavior and the new interaction evidence that the user tapped 'Edit time' from the time menu."
              }
            ]
          },
          "steps_to_reproduce": [
            {
              "status": "confirmed",
              "candidates": [
                {
                  "value": "136674156",
                  "evidence": "Always start with opening the application."
                }
              ]
            },
            {
              "status": "confirmed",
              "candidates": [
                {
                  "value": "-957400422",
                  "evidence": "User explicitly stated: 'Click \"OK\" to dismiss the app description'."
                }
              ]
            },
            {
              "status": "confirmed",
              "candidates": [
                {
                  "value": "-596632455",
                  "evidence": "User explicitly stated: 'Click the Options button (\"Three verticle dots\")', matching the More options button on the main Tasks screen."
                }
              ]
            },
            {
              "status": "confirmed",
              "candidates": [
                {
                  "value": "-1706841104",
                  "evidence": "User explicitly stated: 'click the \"Add task\" option from the dropdown', directly matching the Add task menu item."
                }
              ]
            },
            {
              "status": "inferred",
              "candidates": [
                {
                  "value": "-2017745019",
                  "evidence": "To proceed from the Add task dialog toward the mapped bug path, a task name must be entered before adding the task."
                }
              ]
            },
            {
              "status": "inferred",
              "candidates": [
                {
                  "value": "453981272",
                  "evidence": "After entering a task name, tapping 'ADD TASK' is the graph-supported way to create the task and continue the reproduction path."
                }
              ]
            },
            {
              "status": "inferred",
              "candidates": [
                {
                  "value": "1571158590",
                  "evidence": "From the resulting Tasks screen, opening More options is the graph-supported path to reach time-range creation."
                }
              ]
            },
            {
              "status": "confirmed",
              "candidates": [
                {
                  "value": "879666473",
                  "evidence": "User explicitly stated: 'Tap the \"Add a new time range\" option from the dropdown,' which directly matches this transition."
                }
              ]
            },
            {
              "status": "inferred",
              "candidates": [
                {
                  "value": "-1444621839",
                  "evidence": "Continue through the captured Edit Time flow toward end-time controls."
                }
              ]
            },
            {
              "status": "inferred",
              "candidates": [
                {
                  "value": "-1709828166",
                  "evidence": "Continue through the captured Edit Time flow."
                }
              ]
            },
            {
              "status": "inferred",
              "candidates": [
                {
                  "value": "-1339100487",
                  "evidence": "Continue through the captured Edit Time flow until the end-time confirmation screen."
                }
              ]
            },
            {
              "status": "inferred",
              "candidates": [
                {
                  "value": "1020959929",
                  "evidence": "Select an end hour in the time picker as part of the captured time-range creation flow."
                }
              ]
            },
            {
              "status": "inferred",
              "candidates": [
                {
                  "value": "1323110351",
                  "evidence": "Select an end minute in the time picker."
                }
              ]
            },
            {
              "status": "inferred",
              "candidates": [
                {
                  "value": "-1077818473",
                  "evidence": "Tap OK to save the time range and return to Task Times."
                }
              ]
            },
            {
              "status": "confirmed",
              "candidates": [
                {
                  "value": "-937339851",
                  "evidence": "User explicitly said the action happened after 'long-pressing the time entry when the time menu opened.' This matches long-pressing a time entry to open the time menu."
                }
              ]
            },
            {
              "status": "unknown",
              "candidates": []
            }
          ]
        },
        "information_element_extraction": {
          "triggering_screen_reference": null,
          "triggering_GUI_interactions": null,
          "buggy_behavior": null,
          "correct_behavior": null,
          "steps_to_reproduce": null
        },
        "active_follow_up": null,
        "clarification_window_start_idx": 9
      },
      "meta_data": {
        "latency": "7.672599669999954 s",
        "node_token_consumption": {
          "input_tokens": 16986,
          "output_tokens": 1160,
          "total_tokens": 18146,
          "llm_calls": 1,
          "llm_calls_with_usage": 1,
          "llm_calls_missing_usage": 0
        }
      }
    },
    {
      "entity": "bot",
      "action_name": "evaluate",
      "output": {
        "unknown_and_low_confidence_info": [
          "steps_to_reproduce[15]"
        ]
      },
      "meta_data": {
        "latency": "2.0042000187459053e-05 s",
        "node_token_consumption": null
      }
    },
    {
      "entity": "bot",
      "action_name": "follow_up",
      "output": {
        "active_follow_up": {
          "kind": "more_info",
          "question": "After you long-pressed the time entry and the Time menu appeared, what exactly did you tap next? Please confirm whether you selected \"Edit Time\" from that menu right before the crash.",
          "target_info_elements": [
            "triggering_GUI_interactions",
            "steps_to_reproduce"
          ]
        }
      },
      "meta_data": {
        "latency": "2.2135620429999108 s",
        "node_token_consumption": {
          "input_tokens": 16181,
          "output_tokens": 71,
          "total_tokens": 16252,
          "llm_calls": 1,
          "llm_calls_with_usage": 1,
          "llm_calls_missing_usage": 0
        }
      }
    }
  ]
}
{
  "session_id": "f09ea09d-2a38-4426-a44a-74c1243e3248",
  "turn": 1,
  "started_at": "2026-08-07T22:17:05.814844+00:00",
  "ended_at": "2026-08-07T22:17:20.155965+00:00",
  "actions": [
    {
      "entity": "user",
      "action_name": "user_description",
      "output": {
        "messages": {
          "content": "Yes, I selected edit time",
          "additional_kwargs": {},
          "response_metadata": {},
          "type": "human",
          "name": null,
          "id": "48719e1d-a02b-4d9f-bbfc-7678066f0b15"
        }
      },
      "meta_data": {
        "latency": "1.1125000128231477e-05 s",
        "node_token_consumption": null
      }
    },
    {
      "entity": "bot",
      "action_name": "information_element_extraction",
      "output": {
        "information_element_extraction": {
          "triggering_screen_reference": null,
          "triggering_GUI_interactions": {
            "value": "selected edit time",
            "evidence": [
              "Yes, I selected edit time"
            ]
          },
          "buggy_behavior": null,
          "correct_behavior": null,
          "steps_to_reproduce": {
            "value": "long-pressed the time entry, the Time menu appeared, then selected edit time",
            "evidence": [
              "Yes, I selected edit time"
            ]
          }
        }
      },
      "meta_data": {
        "latency": "1.540651250999872 s",
        "node_token_consumption": {
          "input_tokens": 943,
          "output_tokens": 85,
          "total_tokens": 1028,
          "llm_calls": 1,
          "llm_calls_with_usage": 1,
          "llm_calls_missing_usage": 0
        }
      }
    },
    {
      "entity": "bot",
      "action_name": "clarity_check",
      "output": {
        "clarity_route": "continue",
        "clarity_issues": []
      },
      "meta_data": {
        "latency": "0.9019426249999469 s",
        "node_token_consumption": {
          "input_tokens": 455,
          "output_tokens": 21,
          "total_tokens": 476,
          "llm_calls": 1,
          "llm_calls_with_usage": 1,
          "llm_calls_missing_usage": 0
        }
      }
    },
    {
      "entity": "bot",
      "action_name": "extract_and_update",
      "output": {
        "BugInfo": {
          "triggering_screen_reference": {
            "status": "inferred",
            "candidates": [
              {
                "value": "907799623",
                "evidence": "The new evidence says the user 'selected edit time' after 'long-pressed the time entry' and 'the Time menu appeared.' In the graph, screen 907799623 is the TaskTimes popup 'Time menu' containing Edit Time, Delete Time, and Move Time."
              }
            ]
          },
          "triggering_GUI_interactions": [
            {
              "status": "confirmed",
              "candidates": [
                {
                  "value": "-957400422",
                  "evidence": "User explicitly stated: 'Click \"OK\" to dismiss the app description'."
                }
              ]
            },
            {
              "status": "confirmed",
              "candidates": [
                {
                  "value": "-596632455",
                  "evidence": "User explicitly stated: 'Click the Options button (\"Three verticle dots\")' after dismissing the app description, matching the More options button on the main Tasks screen."
                }
              ]
            },
            {
              "status": "confirmed",
              "candidates": [
                {
                  "value": "-1706841104",
                  "evidence": "User explicitly stated: 'click the \"Add task\" option from the dropdown', which directly matches the Add task menu item."
                }
              ]
            },
            {
              "status": "confirmed",
              "candidates": [
                {
                  "value": "879666473",
                  "evidence": "User explicitly stated: 'Tap the \"Add a new time range\" option from the dropdown.' This directly matches the 'Add a new time range' menu item transition from the TaskTimes popup menu."
                }
              ]
            },
            {
              "status": "confirmed",
              "candidates": [
                {
                  "value": "-937339851",
                  "evidence": "User explicitly stated they 'long-pressed the time entry' and that 'the Time menu appeared,' which matches long-pressing a time entry to open the time menu."
                }
              ]
            },
            {
              "status": "inferred",
              "candidates": [
                {
                  "value": "unknown",
                  "evidence": "User explicitly confirmed 'Yes, I selected edit time.' However, although screen 907799623 lists Edit Time as a visible option, the supplied graph contains no recorded transition hash for selecting Edit Time from that menu, so the triggering action cannot be grounded to a valid graph transition."
                }
              ]
            }
          ],
          "buggy_behavior": {
            "status": "confirmed",
            "candidates": [
              {
                "value": "the TIME app crashes when attempting to edit the time range",
                "evidence": "User explicitly stated: 'My app crashes when attempting to edit the time range' and confirmed it with 'yes'."
              }
            ]
          },
          "correct_behavior": {
            "status": "inferred",
            "candidates": [
              {
                "value": "the app should open the Edit Time screen and allow the user to modify the selected time range without crashing",
                "evidence": "Derived from the confirmed buggy behavior together with the new evidence that the user 'selected edit time' from the Time menu."
              }
            ]
          },
          "steps_to_reproduce": [
            {
              "status": "confirmed",
              "candidates": [
                {
                  "value": "136674156",
                  "evidence": "Always start with opening the application."
                }
              ]
            },
            {
              "status": "confirmed",
              "candidates": [
                {
                  "value": "-957400422",
                  "evidence": "User explicitly stated: 'Click \"OK\" to dismiss the app description'."
                }
              ]
            },
            {
              "status": "confirmed",
              "candidates": [
                {
                  "value": "-596632455",
                  "evidence": "User explicitly stated: 'Click the Options button (\"Three verticle dots\")', matching the More options button on the main Tasks screen."
                }
              ]
            },
            {
              "status": "confirmed",
              "candidates": [
                {
                  "value": "-1706841104",
                  "evidence": "User explicitly stated: 'click the \"Add task\" option from the dropdown', directly matching the Add task menu item."
                }
              ]
            },
            {
              "status": "inferred",
              "candidates": [
                {
                  "value": "-2017745019",
                  "evidence": "To continue from the Add task dialog along a valid graph path, a task name must be entered before the task can be added."
                }
              ]
            },
            {
              "status": "inferred",
              "candidates": [
                {
                  "value": "453981272",
                  "evidence": "After entering a task name, tapping 'ADD TASK' is the graph-supported way to create the task and continue the reproduction path."
                }
              ]
            },
            {
              "status": "inferred",
              "candidates": [
                {
                  "value": "1571158590",
                  "evidence": "From the resulting Tasks screen, opening More options is the graph-supported path to reach time-range creation."
                }
              ]
            },
            {
              "status": "confirmed",
              "candidates": [
                {
                  "value": "879666473",
                  "evidence": "User explicitly stated: 'Tap the \"Add a new time range\" option from the dropdown,' which directly matches this transition."
                }
              ]
            },
            {
              "status": "inferred",
              "candidates": [
                {
                  "value": "-1444621839",
                  "evidence": "Continue through the captured Edit Time flow toward the end-time controls to create the initial time entry."
                }
              ]
            },
            {
              "status": "inferred",
              "candidates": [
                {
                  "value": "-1709828166",
                  "evidence": "Continue through the captured Edit Time flow."
                }
              ]
            },
            {
              "status": "inferred",
              "candidates": [
                {
                  "value": "-1339100487",
                  "evidence": "Continue through the captured Edit Time flow until the end-time confirmation screen."
                }
              ]
            },
            {
              "status": "inferred",
              "candidates": [
                {
                  "value": "1020959929",
                  "evidence": "Select an end hour in the time picker as part of the captured time-range creation flow."
                }
              ]
            },
            {
              "status": "inferred",
              "candidates": [
                {
                  "value": "1323110351",
                  "evidence": "Select an end minute in the time picker."
                }
              ]
            },
            {
              "status": "inferred",
              "candidates": [
                {
                  "value": "-1077818473",
                  "evidence": "Tap OK to save the time range and return to Task Times."
                }
              ]
            },
            {
              "status": "confirmed",
              "candidates": [
                {
                  "value": "-937339851",
                  "evidence": "User explicitly described: 'long-pressed the time entry, the Time menu appeared,' matching this long-click transition from Task Times to the Time menu."
                }
              ]
            },
            {
              "status": "inferred",
              "candidates": [
                {
                  "value": "unknown",
                  "evidence": "User explicitly stated they then 'selected edit time.' The supplied graph has screen 907799623 whose menu includes Edit Time, but it does not provide a valid transition hash for selecting Edit Time, so the final reproduction action cannot be grounded to a graph transition."
                }
              ]
            }
          ]
        },
        "information_element_extraction": {
          "triggering_screen_reference": null,
          "triggering_GUI_interactions": null,
          "buggy_behavior": null,
          "correct_behavior": null,
          "steps_to_reproduce": null
        },
        "active_follow_up": null,
        "clarification_window_start_idx": 10
      },
      "meta_data": {
        "latency": "8.77355792100002 s",
        "node_token_consumption": {
          "input_tokens": 16870,
          "output_tokens": 1216,
          "total_tokens": 18086,
          "llm_calls": 1,
          "llm_calls_with_usage": 1,
          "llm_calls_missing_usage": 0
        }
      }
    },
    {
      "entity": "bot",
      "action_name": "evaluate",
      "output": {
        "unknown_and_low_confidence_info": []
      },
      "meta_data": {
        "latency": "1.7500000012660166e-05 s",
        "node_token_consumption": null
      }
    },
    {
      "entity": "bot",
      "action_name": "generate_report",
      "output": {
        "full_report": {
          "title": "App crashes when selecting Edit Time for an existing time range",
          "observed_behavior": "On the Time menu screen for a selected time entry, if the user selects Edit Time after long-pressing the time entry, the TIME app crashes when attempting to edit the time range.",
          "expected_behavior": "The app should open the Edit Time screen and allow the user to modify the selected time range without crashing.",
          "steps_to_reproduce": "1. Open the application. <136674156>\n2. Tap OK to dismiss the app description. <-957400422>\n3. Tap the More options button on the Tasks screen. <-596632455>\n4. Tap Add task from the options menu. <-1706841104>\n5. Enter a task name in the Add task dialog. <-2017745019>\n6. Tap ADD TASK. <453981272>\n7. Tap the More options button on the Tasks screen. <1571158590>\n8. Tap Add a new time range from the options menu. <879666473>\n9. Swipe up through the Edit Time flow. <-1444621839>\n10. Continue swiping up through the Edit Time flow. <-1709828166>\n11. Continue swiping up until the end-time confirmation screen. <-1339100487>\n12. Select an end hour in the time picker. <1020959929>\n13. Select an end minute in the time picker. <1323110351>\n14. Tap OK to save the time range. <-1077818473>\n15. Long-press the created time entry to open the Time menu. <-937339851>\n16. Select Edit Time from the Time menu. <unknown>"
        }
      },
      "meta_data": {
        "latency": "3.115112960000033 s",
        "node_token_consumption": {
          "input_tokens": 14019,
          "output_tokens": 370,
          "total_tokens": 14389,
          "llm_calls": 1,
          "llm_calls_with_usage": 1,
          "llm_calls_missing_usage": 0
        }
      }
    }
  ]
}
{
  "record_type": "final_report",
  "session_id": "f09ea09d-2a38-4426-a44a-74c1243e3248",
  "final_report": {
    "title": "App crashes when selecting Edit Time for an existing time range",
    "observed_behavior": "On the Time menu screen for a selected time entry, if the user selects Edit Time after long-pressing the time entry, the TIME app crashes when attempting to edit the time range.",
    "expected_behavior": "The app should open the Edit Time screen and allow the user to modify the selected time range without crashing.",
    "steps_to_reproduce": "1. Open the application. <136674156>\n2. Tap OK to dismiss the app description. <-957400422>\n3. Tap the More options button on the Tasks screen. <-596632455>\n4. Tap Add task from the options menu. <-1706841104>\n5. Enter a task name in the Add task dialog. <-2017745019>\n6. Tap ADD TASK. <453981272>\n7. Tap the More options button on the Tasks screen. <1571158590>\n8. Tap Add a new time range from the options menu. <879666473>\n9. Swipe up through the Edit Time flow. <-1444621839>\n10. Continue swiping up through the Edit Time flow. <-1709828166>\n11. Continue swiping up until the end-time confirmation screen. <-1339100487>\n12. Select an end hour in the time picker. <1020959929>\n13. Select an end minute in the time picker. <1323110351>\n14. Tap OK to save the time range. <-1077818473>\n15. Long-press the created time entry to open the Time menu. <-937339851>\n16. Select Edit Time from the Time menu. <unknown>"
  }
}
{
  "record_type": "conversation_summary",
  "session_id": "f09ea09d-2a38-4426-a44a-74c1243e3248",
  "run_metadata": {
    "bug_id": 7,
    "description_level": null,
    "input_source": "user",
    "runtime": "api"
  },
  "started_at": "2026-08-07T22:03:38.421691+00:00",
  "ended_at": "2026-08-07T22:17:20.155965+00:00",
  "total_wall_clock_seconds": 821.734274,
  "total_turn_processing_seconds": 133.963472,
  "total_conversation_turns": 10,
  "token_consumption": {
    "input_tokens": 309626,
    "output_tokens": 13466,
    "total_tokens": 323092,
    "llm_calls": 39,
    "llm_calls_with_usage": 39,
    "llm_calls_missing_usage": 0
  }
}
{
  "record_type": "modified_report",
  "session_id": "f09ea09d-2a38-4426-a44a-74c1243e3248",
  "modified_report": {
    "title": "App crashes when selecting Edit Time for an existing time range",
    "observed_behavior": "On the Time menu screen for a selected time entry, if the user selects Edit Time after long-pressing the time entry, the TIME app crashes when attempting to edit the time range.",
    "expected_behavior": "The app should open the Edit Time screen and allow the user to modify the selected time range without crashing.",
    "steps_to_reproduce": "1. Open the application.\n2. Tap OK to dismiss the app description.\n3. Tap the More options button on the Tasks screen.\n4. Tap Add task from the options menu.\n5. Enter a task name in the Add task dialog.\n6.\n10. Continue swiping up through the Edit Time flow.\n11. Continue swiping up until the end-time confirmation screen.\n12. Select an end hour in the time picker.\n13. Select an end minute in the time picker.\n14. Tap OK to save the time range.\n15. Long-press the created time entry to open the Time menu.\n16. Select Edit Time from the Time menu."
  }
}
{
  "record_type": "modified_report",
  "session_id": "f09ea09d-2a38-4426-a44a-74c1243e3248",
  "modified_report": {
    "title": "App crashes when selecting Edit Time for an existing time range",
    "observed_behavior": "On the Time menu screen for a selected time entry, if the user selects Edit Time after long-pressing the time entry, the TIME app crashes when attempting to edit the time range.",
    "expected_behavior": "The app should open the Edit Time screen and allow the user to modify the selected time range without crashing.",
    "steps_to_reproduce": "1. Open the application.\n2. Tap OK to dismiss the app description.\n3. Tap the More options button on the Tasks screen.\n4. Tap Add task from the options menu.\n5. Enter a task name in the Add task dialog.\n10. Continue swiping up through the Edit Time flow.\n11. Continue swiping up until the end-time confirmation screen.\n12. Select an end hour in the time picker.\n13. Select an end minute in the time picker.\n14. Tap OK to save the time range.\n15. Long-press the created time entry to open the Time menu.\n16. Select Edit Time from the Time menu."
  }
}
